Date,Description,Amount,Extended Details,Appears On Your Statement As,Address,City/State,Zip Code,Country,Reference,Category
04/27/2024,MOBILE PAYMENT - THANK YOU,-100.0,MOBILE PAYMENT - THANK YOU,MOBILE PAYMENT - THANK YOU,,,,,'320241180382445031',
04/20/2024,MOBILE PAYMENT - THANK YOU,-710.0,MOBILE PAYMENT - THANK YOU,MOBILE PAYMENT - THANK YOU,,,,,'320241110208663853',
04/18/2024,USCIS ELIS N400 0000WASHINGTON          DC,710.0,"99999994110I4L06O3UU18L1K   20529
Immigration applications and petitions
USCIS ELIS N400 000000005
WASHINGTON
DC
Immigration applications and petitions
I4L06O3UU18L1K   20529",USCIS ELIS N400 0000WASHINGTON          DC,111 MASSACHUSETTS AVE,"WASHINGTON
DC",20529,UNITED STATES,'320241100200512051',Other-Government Services
04/13/2024,MOBILE PAYMENT - THANK YOU,-100.0,MOBILE PAYMENT - THANK YOU,MOBILE PAYMENT - THANK YOU,,,,,'320241040029297214',
04/08/2024,AMAZON MARKEPLACE NA PA,27.98,"2FB461MWOUL MERCHANDISE
AMAZON MARKETPLACE NA PA
AMZN.COM/BILL
WA
MERCHANDISE",AMAZON MARKETPLACE NAMZN.COM/BILL       WA,410 TERRY AVE N,"SEATTLE
WA",98109,UNITED STATES,'320241000932028892',Merchandise & Supplies-Internet Purchase
04/08/2024,AMAZON.COM          AMZN.COM/BILL       WA,11.94,"57E0Z6LMOY5 MERCHANDISE
AMAZON.COM
AMZN.COM/BILL
WA
MERCHANDISE",AMAZON.COM          AMZN.COM/BILL       WA,410 TERRY AVE N,"SEATTLE
WA",98109,UNITED STATES,'320240990917044683',Merchandise & Supplies-Internet Purchase
04/06/2024,MOBILE PAYMENT - THANK YOU,-100.0,MOBILE PAYMENT - THANK YOU,MOBILE PAYMENT - THANK YOU,,,,,'320240970853431378',
04/05/2024,COQUETTE SEAPORT COQBOSTON              MA,111.15,"606071030   888-444-4446
COQUETTE SEAPORT COQUETTE SEAPOR
BOSTON
MA
888-444-4446",COQUETTE SEAPORT COQBOSTON              MA,450 SUMMER ST,"BOSTON
MA",02210,UNITED STATES,'320240970863822057',Restaurant-Restaurant
03/30/2024,MOBILE PAYMENT - THANK YOU,-100.0,MOBILE PAYMENT - THANK YOU,MOBILE PAYMENT - THANK YOU,,,,,'320240900681032781',
03/24/2024,PADDLE.NET* IMAZING ASTORIA             NY,39.99,"NT_PNDWHHRO +17745236658
PADDLE.NET* IMAZING
ASTORIA
NY
+17745236658",PADDLE.NET* IMAZING ASTORIA             NY,"3811 DITMARS BLVD
1071","ASTORIA
NY",11105,UNITED STATES,'320240850577570681',Merchandise & Supplies-Internet Purchase
03/23/2024,MOBILE PAYMENT - THANK YOU,-150.0,MOBILE PAYMENT - THANK YOU,MOBILE PAYMENT - THANK YOU,,,,,'320240830508567123',
03/16/2024,MOBILE PAYMENT - THANK YOU,-150.0,MOBILE PAYMENT - THANK YOU,MOBILE PAYMENT - THANK YOU,,,,,'320240760335752906',
03/12/2024,MOBILE PAYMENT - THANK YOU,-150.0,MOBILE PAYMENT - THANK YOU,MOBILE PAYMENT - THANK YOU,,,,,'320240720235004874',
03/10/2024,ALLIANZ EVENT INS   RICHMOND            VA,14.0,"FXQTSEW4    8888172166
ALLIANZ EVENT INS
RICHMOND
VA
8888172166",ALLIANZ EVENT INS   RICHMOND            VA,9950 MAYLAND DR,"RICHMOND
VA",23233,UNITED STATES,'320240710221563463',Business Services-Insurance Services
03/10/2024,ALLIANZ EVENT INS   RICHMOND            VA,42.0,"7W8NT89T    8888172166
ALLIANZ EVENT INS
RICHMOND
VA
8888172166",ALLIANZ EVENT INS   RICHMOND            VA,9950 MAYLAND DR,"RICHMOND
VA",23233,UNITED STATES,'320240700194451966',Business Services-Insurance Services
03/10/2024,TM * SAVAGE         LOS ANGELES         CA,108.7,"NY2/51-3034 8006538000
TM * SAVAGE
LOS ANGELES
CA
8006538000",TM * SAVAGE         LOS ANGELES         CA,"555 WEST 57TH ST
FL 14","NEW YORK
NY",10019-2925,UNITED STATES,'320240710221563868',Entertainment-General Events
03/09/2024,JOE'S NEWBURY       BOSTON              MA,215.07,"1392        6175364200
JOE'S NEWBURY
BOSTON
MA
6175364200",JOE'S NEWBURY       BOSTON              MA,26 EXETER ST,"BOSTON
MA",02116,UNITED STATES,'320240690167370287',Restaurant-Restaurant
03/09/2024,TM * SAVAGE         LOS ANGELES         CA,326.1,"NY2/51-2929 8006538000
TM * SAVAGE
LOS ANGELES
CA
8006538000",TM * SAVAGE         LOS ANGELES         CA,"555 WEST 57TH ST
FL 14","NEW YORK
NY",10019-2925,UNITED STATES,'320240700195230931',Entertainment-General Events
03/02/2024,MOBILE PAYMENT - THANK YOU,-100.0,MOBILE PAYMENT - THANK YOU,MOBILE PAYMENT - THANK YOU,,,,,'320240620989637829',
02/24/2024,MOBILE PAYMENT - THANK YOU,-100.0,MOBILE PAYMENT - THANK YOU,MOBILE PAYMENT - THANK YOU,,,,,'320240550818556207',
02/23/2024,TST* ROW 34 - BOSTONBOSTON              MA,117.39,"00016955016 RESTAURANT
TST* ROW 34 - BOSTON 00016955
BOSTON
MA
RESTAURANT",TST* ROW 34 - BOSTONBOSTON              MA,383 CONGRESS ST,"BOSTON
MA",02210-1811,UNITED STATES,'320240550830183092',Restaurant-Restaurant
02/17/2024,MOBILE PAYMENT - THANK YOU,-150.0,MOBILE PAYMENT - THANK YOU,MOBILE PAYMENT - THANK YOU,,,,,'320240480651945044',
02/16/2024,MARIEL              BOSTON              MA,114.61,"00023680016 RESTAURANT
MARIEL
BOSTON
MA
RESTAURANT",MARIEL              BOSTON              MA,10 POST OFFICE SQ,"BOSTON
MA",02109,UNITED STATES,'320240480668468189',Restaurant-Restaurant
02/06/2024,TARGET PLUS 0       BROOKLYN PARK       MN,21.25,"90200128432 800-591-3869
TARGET PLUS 0
BROOKLYN PARK
MN
Description : APPAREL HSWRS/ACC Price : 0.00
800-591-3869",TARGET PLUS 0       BROOKLYN PARK       MN,900 NICOLLET MALL,"MINNEAPOLIS
MN",55403,UNITED STATES,'320240370410161462',Merchandise & Supplies-Internet Purchase
02/04/2024,TARGET.COM          800-591-3869        MN,58.3,"90200128432 800-591-3869
TARGET.COM
800-591-3869
MN
""Description : APPAREL, HOUSEWARES Price : 0.00""
800-591-3869",TARGET.COM          800-591-3869        MN,"33 SOUTH 6TH ST
STE CC1","MINNEAPOLIS
MN",55402-3700,UNITED STATES,'320240350363561839',Merchandise & Supplies-Internet Purchase
02/03/2024,MOBILE PAYMENT - THANK YOU,-150.0,MOBILE PAYMENT - THANK YOU,MOBILE PAYMENT - THANK YOU,,,,,'320240340316837230',
02/01/2024,SEPHORA.COM         877-SEPHORA         CA,136.0,"71108078111 COSMETICS
SEPHORA.COM
877-SEPHORA
CA
COSMETICS",SEPHORA.COM         877-SEPHORA         CA,"525 MARKET ST
FL 32","SAN FRANCISCO
CA",94105-2740,UNITED STATES,'320240340327364510',Merchandise & Supplies-Internet Purchase
01/27/2024,MOBILE PAYMENT - THANK YOU,-150.0,MOBILE PAYMENT - THANK YOU,MOBILE PAYMENT - THANK YOU,,,,,'320240270151539831',
01/23/2024,Amazon Prime        Amazon.com          WA,69.0,"2D83HMH9U8V SUBSCRIPTION
Amazon Prime
Amazon.com
WA
SUBSCRIPTION",Amazon Prime        Amazon.com          WA,440 TERRY AVE NORTH,"SEATTLE
WA",98109,UNITED STATES,'320240230061434700',Merchandise & Supplies-Mail Order
01/20/2024,AMAZON MARKEPLACE NA PA,84.98,"3JOIO9V0UUQ MERCHANDISE
AMAZON MARKETPLACE NA PA
AMZN.COM/BILL
WA
MERCHANDISE",AMAZON MARKETPLACE NAMZN.COM/BILL       WA,410 TERRY AVE N,"SEATTLE
WA",98109,UNITED STATES,'320240200997388681',Merchandise & Supplies-Internet Purchase
01/20/2024,AMAZON.COM          AMZN.COM/BILL       WA,9.69,"6KK5S5GPRO7 MERCHANDISE
AMAZON.COM
AMZN.COM/BILL
WA
MERCHANDISE",AMAZON.COM          AMZN.COM/BILL       WA,410 TERRY AVE N,"SEATTLE
WA",98109,UNITED STATES,'320240200992383687',Merchandise & Supplies-Internet Purchase
01/19/2024,AMAZON MARKEPLACE NA PA,45.98,"66POPJN2CKD MERCHANDISE
AMAZON MARKETPLACE NA PA
AMZN.COM/BILL
WA
MERCHANDISE",AMAZON MARKETPLACE NAMZN.COM/BILL       WA,410 TERRY AVE N,"SEATTLE
WA",98109,UNITED STATES,'320240210013779289',Merchandise & Supplies-Internet Purchase
01/13/2024,MOBILE PAYMENT - THANK YOU,-75.0,MOBILE PAYMENT - THANK YOU,MOBILE PAYMENT - THANK YOU,,,,,'320240130831038467',
01/06/2024,EARLS ASSEMBLY ROW  Somerville          MA,122.83,"BcKSCkA0Y4N squareup.com/receipts
EARLS ASSEMBLY ROW
Somerville
MA",EARLS ASSEMBLY ROW  Somerville          MA,698 ASSEMBLY ROW,"SOMERVILLE
MA",02145,UNITED STATES,'320240050649401218',Restaurant-Restaurant
12/31/2023,MOBILE PAYMENT - THANK YOU,-72.03,MOBILE PAYMENT - THANK YOU,MOBILE PAYMENT - THANK YOU,,,,,'320233650532651875',
12/23/2023,MOBILE PAYMENT - THANK YOU,-100.0,MOBILE PAYMENT - THANK YOU,MOBILE PAYMENT - THANK YOU,,,,,'320233570353463215',
12/17/2023,MOBILE PAYMENT - THANK YOU,-100.0,MOBILE PAYMENT - THANK YOU,MOBILE PAYMENT - THANK YOU,,,,,'320233510191918998',
12/15/2023,CHEESECAKE 137 ONLINPEABODY             MA,94.8,"28522591885 818-871-3000
CHEESECAKE 137 ONLINE 0000
PEABODY
MA
Description : FOOD/BEVERAGE Price : 0.00
818-871-3000",CHEESECAKE 137 ONLINPEABODY             MA,"210 ANDOVER ST
-","PEABODY
MA",01960,UNITED STATES,'320233500185213422',Restaurant-Restaurant
12/14/2023,MOBILE PAYMENT - THANK YOU,-184.0,MOBILE PAYMENT - THANK YOU,MOBILE PAYMENT - THANK YOU,,,,,'320233480111360373',
12/13/2023,AMAZON MARKEPLACE NA PA,177.23,"1G9I5CKR38Z MERCHANDISE
AMAZON MARKETPLACE NA PA
AMZN.COM/BILL
WA
MERCHANDISE",AMAZON MARKETPLACE NAMZN.COM/BILL       WA,410 TERRY AVE N,"SEATTLE
WA",98109,UNITED STATES,'320233490154157988',Merchandise & Supplies-Internet Purchase
12/11/2023,BURLINGTON ANIMAL CLBURLINGTON          MA,184.0,"99999993345 7812721573
BURLINGTON ANIMAL CLINIC- 000000002
BURLINGTON
MA
7812721573",BURLINGTON ANIMAL CLBURLINGTON          MA,259A CAMBRIDGE ST,"BURLINGTON
MA",01803-2538,UNITED STATES,'320233460078860762',Business Services-Health Care Services
11/23/2023,MOBILE PAYMENT - THANK YOU,-93.7,MOBILE PAYMENT - THANK YOU,MOBILE PAYMENT - THANK YOU,,,,,'320233270567778210',
11/17/2023,AMAZON MARKETPLACE NAMZN.COM/BILL       WA,-35.05,"4WSG75XPBI6 MERCHANDISE
AMAZON MARKETPLACE NA PA
AMZN.COM/BILL
WA
MERCHANDISE",AMAZON MARKETPLACE NAMZN.COM/BILL       WA,410 TERRY AVE N,"SEATTLE
WA",98109,UNITED STATES,'320233210421758767',Merchandise & Supplies-Internet Purchase
11/14/2023,AMAZON MARKEPLACE NA PA,69.33,"6EFTSS63I2W MERCHANDISE
AMAZON MARKETPLACE NA PA
AMZN.COM/BILL
WA
MERCHANDISE",AMAZON MARKETPLACE NAMZN.COM/BILL       WA,410 TERRY AVE N,"SEATTLE
WA",98109,UNITED STATES,'320233190370321673',Merchandise & Supplies-Internet Purchase
11/02/2023,AMAZON MARKEPLACE NA PA,59.42,"75CRKMXI71P MERCHANDISE
AMAZON MARKETPLACE NA PA
AMZN.COM/BILL
WA
MERCHANDISE",AMAZON MARKETPLACE NAMZN.COM/BILL       WA,410 TERRY AVE N,"SEATTLE
WA",98109,UNITED STATES,'320233070080210489',Merchandise & Supplies-Internet Purchase
10/18/2023,MOBILE PAYMENT - THANK YOU,-129.2,MOBILE PAYMENT - THANK YOU,MOBILE PAYMENT - THANK YOU,,,,,'320232910684618486',
10/06/2023,MOBILE PAYMENT - THANK YOU,-350.0,MOBILE PAYMENT - THANK YOU,MOBILE PAYMENT - THANK YOU,,,,,'320232790391670949',
10/03/2023,CITGO OIL CO        479-928-7135        OK,330.55,"9B48050     781-729-9886
CITGO OIL CO
479-928-7135
OK
Description : GAS/MSC97  48501068 Price : 3.3055
781-729-9886",CITGO OIL CO        479-928-7135        OK,"6100 S YALE AVE
STE 600","TULSA
OK",74136-1922,UNITED STATES,'320232770347603079',Transportation-Fuel
09/28/2023,MOBILE PAYMENT - THANK YOU,-150.0,MOBILE PAYMENT - THANK YOU,MOBILE PAYMENT - THANK YOU,,,,,'320232710193923677',
09/23/2023,MOBILE PAYMENT - THANK YOU,-150.0,MOBILE PAYMENT - THANK YOU,MOBILE PAYMENT - THANK YOU,,,,,'320232660076219476',
09/23/2023,RETURNED CHECK/DECLIANK TRANSACTIONS,150.0,"RETURNED CHECK/DECLINED BANK TRANSACTIONS
ANK TRANSACTIONS",RETURNED CHECK/DECLIANK TRANSACTIONS,,,,,'320232690165942750',Fees & Adjustments-Fees & Adjustments
09/16/2023,MOBILE PAYMENT - THANK YOU,-150.0,MOBILE PAYMENT - THANK YOU,MOBILE PAYMENT - THANK YOU,,,,,'320232590907541872',
09/10/2023,MOBILE PAYMENT - THANK YOU,-150.0,MOBILE PAYMENT - THANK YOU,MOBILE PAYMENT - THANK YOU,,,,,'320232530761810548',
09/09/2023,Par*Fogo Burlington Burlington          MA,90.0,"60090      60090            01803
Par*Fogo Burlington 16197332005
Burlington
MA
60090            01803",Par*Fogo Burlington Burlington          MA,75 MIDDLESEX TPKE SPACE 1630,"BURLINGTON
MA",01803,UNITED STATES,'320232520753982969',Restaurant-Restaurant
09/01/2023,MOBILE PAYMENT - THANK YOU,-150.0,MOBILE PAYMENT - THANK YOU,MOBILE PAYMENT - THANK YOU,,,,,'320232440541417480',
08/29/2023,LENSCRAFTERS        BURLINGTON          MA,408.65,"16007001    800-767-0990
LENSCRAFTERS
BURLINGTON
MA
Description : SPECIALTY RETAIL Price : 0.00
800-767-0990",LENSCRAFTERS        BURLINGTON          MA,34 CAMBRIDGE ST,"BURLINGTON
MA",01803-4611,UNITED STATES,'320232420502504177',Merchandise & Supplies-General Retail
08/28/2023,RENEWAL MEMBERSHIP FEE,250.0,RENEWAL MEMBERSHIP FEE,RENEWAL MEMBERSHIP FEE,,,,,'320232403449164239',Fees & Adjustments-Fees & Adjustments
07/22/2023,MOBILE PAYMENT - THANK YOU,-121.19,MOBILE PAYMENT - THANK YOU,MOBILE PAYMENT - THANK YOU,,,,,'320232030551183055',
07/19/2023,MOBILE PAYMENT - THANK YOU,-150.0,MOBILE PAYMENT - THANK YOU,MOBILE PAYMENT - THANK YOU,,,,,'320232000477436179',
07/15/2023,TST* MOLLYS RESTAURAHANOVER             NH,200.0,"21105173197 RESTAURANT
TST* MOLLYS RESTAURANT 00005442
HANOVER
NH
RESTAURANT",TST* MOLLYS RESTAURAHANOVER             NH,43 SOUTH MAIN ST,"HANOVER
NH",03755-2047,UNITED STATES,'320231970413755264',Restaurant-Restaurant
06/23/2023,MOBILE PAYMENT - THANK YOU,-100.0,MOBILE PAYMENT - THANK YOU,MOBILE PAYMENT - THANK YOU,,,,,'320231740847676739',
06/19/2023,AplPay SP LUXORALONDGRAYS               GB,96.0,"NT_O70RSXRJ +447415766627
AplPay SP LUXORALONDON
GRAYS
GB
+447415766627",AplPay SP LUXORALONDGRAYS               GB,15 ST CEDDS COURT,GRAYS,RM16,UNITED KINGDOM OF GB AND NI,'320231700753016883',Merchandise & Supplies-Clothing Stores
06/16/2023,TST* TOSCANA FORNO 0PEABODY             MA,75.19,"21105173168 RESTAURANT
TST* TOSCANA FORNO 00093412
PEABODY
MA
RESTAURANT",TST* TOSCANA FORNO 0PEABODY             MA,139 LYNNFIELD ST,"PEABODY
MA",01960,UNITED STATES,'320231680716384587',Restaurant-Restaurant
05/20/2023,MOBILE PAYMENT - THANK YOU,-154.64,MOBILE PAYMENT - THANK YOU,MOBILE PAYMENT - THANK YOU,,,,,'320231400023916954',
05/13/2023,MOBILE PAYMENT - THANK YOU,-150.0,MOBILE PAYMENT - THANK YOU,MOBILE PAYMENT - THANK YOU,,,,,'320231330856219414',
05/11/2023,TST* SOGNO 300576325WOBURN              MA,113.42,"99999993132 7816251300
TST* SOGNO 300576325
WOBURN
MA
Description : RESTAURANTS Price : 1.1342
7816251300",TST* SOGNO 300576325WOBURN              MA,304 CAMBRIDGE RD,"WOBURN
MA",01801-6080,UNITED STATES,'320231320847497343',Restaurant-Restaurant
05/11/2023,WHOLEFDS LNF #10452 LYNNFIELD           MA,191.22,"0Y73E6ARWE2 7817764300
WHOLEFDS LNF #10452 000010452
LYNNFIELD
MA
Description : GROCERY STORES Price : 1.9122
7817764300",WHOLEFDS LNF #10452 LYNNFIELD           MA,100 MARKET ST,"LYNNFIELD
MA",01940-4018,UNITED STATES,'320231320842493726',Merchandise & Supplies-Groceries
05/06/2023,MOBILE PAYMENT - THANK YOU,-16.73,MOBILE PAYMENT - THANK YOU,MOBILE PAYMENT - THANK YOU,,,,,'320231260690039781',
04/24/2023,AMK BRANDEIS LOW USDWALTHAM             MA,16.73,"042882737   336-758-5680
AMK BRANDEIS LOW USDAN AMK BRANDEIS LO
WALTHAM
MA
336-758-5680",AMK BRANDEIS LOW USDWALTHAM             MA,415 SOUTH ST,"WALTHAM
MA",02453,UNITED STATES,'320231140405396098',Business Services-Other Services
04/20/2023,MOBILE PAYMENT - THANK YOU,-133.46,MOBILE PAYMENT - THANK YOU,MOBILE PAYMENT - THANK YOU,,,,,'320231100308154020',
04/19/2023,AMK BRANDEIS LOW USDWALTHAM             MA,16.73,"060919118   336-758-5680
AMK BRANDEIS LOW USDAN AMK BRANDEIS LO
WALTHAM
MA
336-758-5680",AMK BRANDEIS LOW USDWALTHAM             MA,415 SOUTH ST,"WALTHAM
MA",02453,UNITED STATES,'320231090287839157',Business Services-Other Services
04/17/2023,AMK BRANDEIS LOW USDWALTHAM             MA,16.73,"035180914   336-758-5680
AMK BRANDEIS LOW USDAN AMK BRANDEIS LO
WALTHAM
MA
336-758-5680",AMK BRANDEIS LOW USDWALTHAM             MA,415 SOUTH ST,"WALTHAM
MA",02453,UNITED STATES,'320231070239594933',Business Services-Other Services
04/14/2023,MOBILE PAYMENT - THANK YOU,-122.71,MOBILE PAYMENT - THANK YOU,MOBILE PAYMENT - THANK YOU,,,,,'320231040165474790',
04/11/2023,TST* MAJOR FOOD GROUBOSTON              MA,205.98,"ATqdtvluF00 6466924732
TST* MAJOR FOOD GROUP - C 300562856
BOSTON
MA
Description : RESTAURANTS Price : 2.0598
6466924732",TST* MAJOR FOOD GROUBOSTON              MA,15 ARLINGTON ST,"BOSTON
MA",02116,UNITED STATES,'320231010101658914',Restaurant-Restaurant
03/31/2023,MOBILE PAYMENT - THANK YOU,-84.42,MOBILE PAYMENT - THANK YOU,MOBILE PAYMENT - THANK YOU,,,,,'320230900821981037',
03/30/2023,AMK BRANDEIS LOW USDWALTHAM             MA,16.73,"028593580   336-758-5680
AMK BRANDEIS LOW USDAN AMK BRANDEIS LO
WALTHAM
MA
336-758-5680",AMK BRANDEIS LOW USDWALTHAM             MA,415 SOUTH ST,"WALTHAM
MA",02453,UNITED STATES,'320230890805089142',Business Services-Other Services
03/29/2023,AMK BRANDEIS LOW USDWALTHAM             MA,16.73,"047878069   336-758-5680
AMK BRANDEIS LOW USDAN AMK BRANDEIS LO
WALTHAM
MA
336-758-5680",AMK BRANDEIS LOW USDWALTHAM             MA,415 SOUTH ST,"WALTHAM
MA",02453,UNITED STATES,'320230880779826525',Business Services-Other Services
03/28/2023,Interest Charge on Pay Over Time Purchases,5.06,Interest Charge on Pay Over Time Purchases,Interest Charge on Pay Over Time Purchases,,,,,'130329050000366683',Fees & Adjustments-Fees & Adjustments
03/26/2023,AMAZON MARKEPLACE NA PA,39.26,"5LH6A1TUH2Z BOOK STORES
AMAZON MARKETPLACE NA PA
AMZN.COM/BILL
WA
BOOK STORES",AMAZON MARKETPLACE NAMZN.COM/BILL       WA,410 TERRY AVE N,"SEATTLE
WA",98109,UNITED STATES,'320230850714588199',Merchandise & Supplies-Internet Purchase
03/26/2023,MOBILE PAYMENT - THANK YOU,-100.0,MOBILE PAYMENT - THANK YOU,MOBILE PAYMENT - THANK YOU,,,,,'320230850709133330',
03/18/2023,MOBILE PAYMENT - THANK YOU,-100.0,MOBILE PAYMENT - THANK YOU,MOBILE PAYMENT - THANK YOU,,,,,'320230770528469350',
03/15/2023,AMK BRANDEIS LOW USDWALTHAM             MA,16.73,"032640204   336-758-5680
AMK BRANDEIS LOW USDAN AMK BRANDEIS LO
WALTHAM
MA
336-758-5680",AMK BRANDEIS LOW USDWALTHAM             MA,415 SOUTH ST,"WALTHAM
MA",02453,UNITED STATES,'320230740460406825',Business Services-Other Services
03/15/2023,BEST BUY CO   024646SHEPHERDSVILL       KY,-116.86,"006209843   888BESTBUY
BEST BUY CO   024646 29500024646
SHEPHERDSVILL
KY
Description : ELEC STORES Price : 0.00
888BESTBUY",BEST BUY CO   024646SHEPHERDSVILL       KY,600 PARK LOOP RD,"SHEPHERDSVILLE
KY",40165,UNITED STATES,'320230740475867120',Merchandise & Supplies-Electronics Stores
03/13/2023,AMK BRANDEIS LOW USDWALTHAM             MA,16.73,"012146989   336-758-5680
AMK BRANDEIS LOW USDAN AMK BRANDEIS LO
WALTHAM
MA
336-758-5680",AMK BRANDEIS LOW USDWALTHAM             MA,415 SOUTH ST,"WALTHAM
MA",02453,UNITED STATES,'320230720415407971',Business Services-Other Services
03/13/2023,MOBILE PAYMENT - THANK YOU,-100.0,MOBILE PAYMENT - THANK YOU,MOBILE PAYMENT - THANK YOU,,,,,'320230720412814068',
03/08/2023,AMK BRANDEIS LOW USDWALTHAM             MA,16.73,"040580764   336-758-5680
AMK BRANDEIS LOW USDAN AMK BRANDEIS LO
WALTHAM
MA
336-758-5680",AMK BRANDEIS LOW USDWALTHAM             MA,415 SOUTH ST,"WALTHAM
MA",02453,UNITED STATES,'320230670301108119',Business Services-Other Services
03/06/2023,AMK BRANDEIS LOW USDWALTHAM             MA,16.73,"065529328   336-758-5680
AMK BRANDEIS LOW USDAN AMK BRANDEIS LO
WALTHAM
MA
336-758-5680",AMK BRANDEIS LOW USDWALTHAM             MA,415 SOUTH ST,"WALTHAM
MA",02453,UNITED STATES,'320230660289631342',Business Services-Other Services
03/04/2023,MOBILE PAYMENT - THANK YOU,-100.0,MOBILE PAYMENT - THANK YOU,MOBILE PAYMENT - THANK YOU,,,,,'320230630210611369',
03/01/2023,AMK BRANDEIS LOW USDWALTHAM             MA,16.73,"013423843   336-758-5680
AMK BRANDEIS LOW USDAN AMK BRANDEIS LO
WALTHAM
MA
336-758-5680",AMK BRANDEIS LOW USDWALTHAM             MA,415 SOUTH ST,"WALTHAM
MA",02453,UNITED STATES,'320230600137298760',Business Services-Other Services
02/28/2023,BESTBUYCOM8067456674RICHFIELD           MN,116.86,"BBY01-80674 888BESTBUY
BESTBUYCOM806745667424 50300009944
RICHFIELD
MN
Description : BBY01-806745667424 Price : 0.00
888BESTBUY",BESTBUYCOM8067456674RICHFIELD           MN,7075 FLYING CLOUD DR,"EDEN PRAIRIRP
MN",55344-3532,UNITED STATES,'320230590112113672',Merchandise & Supplies-Internet Purchase
02/27/2023,AMK BRANDEIS LOW USDWALTHAM             MA,16.73,"041932399   336-758-5680
AMK BRANDEIS LOW USDAN AMK BRANDEIS LO
WALTHAM
MA
336-758-5680",AMK BRANDEIS LOW USDWALTHAM             MA,415 SOUTH ST,"WALTHAM
MA",02453,UNITED STATES,'320230580091242335',Business Services-Other Services
02/27/2023,MOBILE PAYMENT - THANK YOU,-100.0,MOBILE PAYMENT - THANK YOU,MOBILE PAYMENT - THANK YOU,,,,,'320230580087266093',
02/24/2023,Interest Charge on Pay Over Time Purchases,10.61,Interest Charge on Pay Over Time Purchases,Interest Charge on Pay Over Time Purchases,,,,,'130225040000917023',Fees & Adjustments-Fees & Adjustments
02/24/2023,JELLYCAT            LONDON              GB,34.56,"104091603 HOBBY, TOY & GAME
Jellycat order
JELLYCAT
LONDON
GB
Jellycat order
""HOBBY, TOY & GAME""",JELLYCAT            LONDON              GB,WESTWORKS BUILDING 195 WOOD LANE,"LONDON
ENG",W12 7FQ,UNITED KINGDOM OF GB AND NI,'320230590131150786',Merchandise & Supplies-General Retail
02/24/2023,MOBILE PAYMENT - THANK YOU,-100.0,MOBILE PAYMENT - THANK YOU,MOBILE PAYMENT - THANK YOU,,,,,'320230550022634612',
02/17/2023,AMK BRANDEIS LOW USDWALTHAM             MA,16.73,"054262031   336-758-5680
AMK BRANDEIS LOW USDAN AMK BRANDEIS LO
WALTHAM
MA
336-758-5680",AMK BRANDEIS LOW USDWALTHAM             MA,415 SOUTH ST,"WALTHAM
MA",02453,UNITED STATES,'320230480869974969',Business Services-Other Services
02/14/2023,MOBILE PAYMENT - THANK YOU,-100.0,MOBILE PAYMENT - THANK YOU,MOBILE PAYMENT - THANK YOU,,,,,'320230450798686939',
02/14/2023,TST* THE BANCROFT BUBURLINGTON          MA,130.0,"21105173046 RESTAURANT
TST* THE BANCROFT BURLING 00011370
BURLINGTON
MA
RESTAURANT",TST* THE BANCROFT BUBURLINGTON          MA,15 3RD AVE,"BURLINGTON
MA",01803-4407,UNITED STATES,'320230460834109984',Restaurant-Restaurant
02/08/2023,MOBILE PAYMENT - THANK YOU,-100.0,MOBILE PAYMENT - THANK YOU,MOBILE PAYMENT - THANK YOU,,,,,'320230390665479644',
02/01/2023,MOBILE PAYMENT - THANK YOU,-100.0,MOBILE PAYMENT - THANK YOU,MOBILE PAYMENT - THANK YOU,,,,,'320230320507381911',
01/27/2023,Interest Charge on Pay Over Time Purchases,15.33,Interest Charge on Pay Over Time Purchases,Interest Charge on Pay Over Time Purchases,,,,,'130128040000913593',Fees & Adjustments-Fees & Adjustments
01/25/2023,MOBILE PAYMENT - THANK YOU,-100.0,MOBILE PAYMENT - THANK YOU,MOBILE PAYMENT - THANK YOU,,,,,'320230250345031092',
01/18/2023,MOBILE PAYMENT - THANK YOU,-100.0,MOBILE PAYMENT - THANK YOU,MOBILE PAYMENT - THANK YOU,,,,,'320230180196013514',
01/11/2023,MOBILE PAYMENT - THANK YOU,-100.0,MOBILE PAYMENT - THANK YOU,MOBILE PAYMENT - THANK YOU,,,,,'320230110044044553',
01/06/2023,AMAZON MARKEPLACE NA PA,104.76,"5PBH7S01BEU BOOK STORES
AMAZON MARKETPLACE NA PA
AMZN.COM/BILL
WA
BOOK STORES",AMAZON MARKETPLACE NAMZN.COM/BILL       WA,410 TERRY AVE N,"SEATTLE
WA",98109,UNITED STATES,'320230070960780863',Merchandise & Supplies-Internet Purchase
01/04/2023,MOBILE PAYMENT - THANK YOU,-100.0,MOBILE PAYMENT - THANK YOU,MOBILE PAYMENT - THANK YOU,,,,,'320230040892437626',
12/26/2022,MOBILE PAYMENT - THANK YOU,-100.0,MOBILE PAYMENT - THANK YOU,MOBILE PAYMENT - THANK YOU,,,,,'320223600707933218',
12/17/2022,MOBILE PAYMENT - THANK YOU,-300.0,MOBILE PAYMENT - THANK YOU,MOBILE PAYMENT - THANK YOU,,,,,'320223510498487959',
12/16/2022,MOBILE PAYMENT - THANK YOU,-180.22,MOBILE PAYMENT - THANK YOU,MOBILE PAYMENT - THANK YOU,,,,,'320223500471824200',
12/14/2022,AMAZON MARKEPLACE NA PA,11.0,"2MNVUH4XUYE BOOK STORES
AMAZON MARKETPLACE NA PA
AMZN.COM/BILL
WA
BOOK STORES",AMAZON MARKETPLACE NAMZN.COM/BILL       WA,410 TERRY AVE N,"SEATTLE
WA",98109,UNITED STATES,'320223510513313621',Merchandise & Supplies-Internet Purchase
12/14/2022,AMAZON MARKEPLACE NA PA,42.49,"1ACUIQ5EGQM BOOK STORES
AMAZON MARKETPLACE NA PA
AMZN.COM/BILL
WA
BOOK STORES",AMAZON MARKETPLACE NAMZN.COM/BILL       WA,410 TERRY AVE N,"SEATTLE
WA",98109,UNITED STATES,'320223490461313697',Merchandise & Supplies-Internet Purchase
12/14/2022,SP LOVEPOPCARDS.COM CAMBRIDGE           MA,47.68,"NT_MZ4SYWWN +18886879589
SP LOVEPOPCARDS.COM
CAMBRIDGE
MA
+18886879589",SP LOVEPOPCARDS.COM CAMBRIDGE           MA,955 MASSACHUSETTS AVE 179,"CAMBRIDGE
MA",02139,UNITED STATES,'320223490461755590',Merchandise & Supplies-General Retail
12/13/2022,AMAZON MARKEPLACE NA PA,159.14,"65PO5HP7QA1 BOOK STORES
AMAZON MARKETPLACE NA PA
AMZN.COM/BILL
WA
BOOK STORES",AMAZON MARKETPLACE NAMZN.COM/BILL       WA,410 TERRY AVE N,"SEATTLE
WA",98109,UNITED STATES,'320223480433833386',Merchandise & Supplies-Internet Purchase
12/13/2022,AMAZON MARKEPLACE NA PA,201.6,"KC0ENWZOUFO BOOK STORES
AMAZON MARKETPLACE NA PA
AMZN.COM/BILL
WA
BOOK STORES",AMAZON MARKETPLACE NAMZN.COM/BILL       WA,410 TERRY AVE N,"SEATTLE
WA",98109,UNITED STATES,'320223480436084218',Merchandise & Supplies-Internet Purchase
12/13/2022,BATH AND BODY WORKS PEABODY             MA,77.48,"213224658  1213174658       01960
SPECIALTY RETAIL
BATH AND BODY WORKS 3938 3938
PEABODY
MA
SPECIALTY RETAIL
1213174658       01960",BATH AND BODY WORKS PEABODY             MA,"210 ANDOVER ST
UNIT W190","PEABODY
MA",01960-1693,UNITED STATES,'320223490464704183',Merchandise & Supplies-Department Stores
12/13/2022,GAMESTOP #7832 00000PEABODY             MA,72.23,"83200006996 8008838895
GAMESTOP #7832 000007832
PEABODY
MA
Description : VIDEO GAME Price : 0.7223
8008838895",GAMESTOP #7832 00000PEABODY             MA,"SPACE E121 RT 128
RT 210 ANDOVER ST","PEABODY
MA",01960,UNITED STATES,'320223480429702501',Merchandise & Supplies-General Retail
12/13/2022,H&M0132 0000        PEABODY             MA,100.0,"00000110524 855-466-7467
H&M0132 0000
PEABODY
MA
Description : APPAREL/ACCESSORIES Price : 0.00
855-466-7467",H&M0132 0000        PEABODY             MA,"MALL
210 ANDOVER ST","PEABODY
MA",01960,UNITED STATES,'320223480434637246',Merchandise & Supplies-Clothing Stores
12/11/2022,AplPay SP WINE BY LASUN VALLEY          CA,130.0,"NT_MXQTDBZ1 +18188074407
AplPay SP WINE BY LAMBORGHI
SUN VALLEY
CA
+18188074407",AplPay SP WINE BY LASUN VALLEY          CA,12165 BRANDFORD ST,"SUN VALLEY
CA",91352,UNITED STATES,'320223450350299869',Merchandise & Supplies-Groceries
12/09/2022,AMAZON MARKEPLACE NA PA,19.96,"5RBWOXWKBHJ BOOK STORES
AMAZON MARKETPLACE NA PA
AMZN.COM/BILL
WA
BOOK STORES",AMAZON MARKETPLACE NAMZN.COM/BILL       WA,410 TERRY AVE N,"SEATTLE
WA",98109,UNITED STATES,'320223440343171513',Merchandise & Supplies-Internet Purchase
12/09/2022,AMAZON MARKEPLACE NA PA,24.99,"4V74NQV9X44 BOOK STORES
AMAZON MARKETPLACE NA PA
AMZN.COM/BILL
WA
BOOK STORES",AMAZON MARKETPLACE NAMZN.COM/BILL       WA,410 TERRY AVE N,"SEATTLE
WA",98109,UNITED STATES,'320223450362317657',Merchandise & Supplies-Internet Purchase
12/04/2022,AplPay SP 3D LASER GWEST PARK           FL,119.98,"NT_MVLAOM6A +18446503775
AplPay SP 3D LASER GIFTS
WEST PARK
FL
+18446503775",AplPay SP 3D LASER GWEST PARK           FL,2460 SOUTH WEST 56TH AVE,"WEST PARK
FL",33023,UNITED STATES,'320223390221572399',Merchandise & Supplies-Furnishing
12/01/2022,DAVIO'S NORTHERN ITALYNNFIELD           MA,262.01,"2396        781-944-4810
DAVIO'S NORTHERN ITALIAN STEAKHOUSE
LYNNFIELD
MA
Description : FOOD/BEVERAGE Price : 0.00
781-944-4810",DAVIO'S NORTHERN ITALYNNFIELD           MA,427 WALNUT ST,"LYNNFIELD
MA",01940,UNITED STATES,'320223360134399902',Restaurant-Restaurant
11/29/2022,NIKEPOS_US          BEAVERTON,49.99,"######EZQQu SPORTS CLOTHING
NIKEPOS_US
BEAVERTON
SPORTS CLOTHING",NIKEPOS_US          BEAVERTON,300 ARTISAN WAY,"SOMERVILLE
MA",02145,UNITED STATES,'320223340094967497',Merchandise & Supplies-Sporting Goods Stores
11/25/2022,EXPRESS             PEABODY             MA,110.0,"762001      WOMEN'S CLOTHING
EXPRESS
PEABODY
MA
Description : APPAREL/ACCESSORIES Price : 0.00
WOMEN'S CLOTHING",EXPRESS             PEABODY             MA,"210 ANDOVER ST
UNIT E161","PEABODY
MA",01960-1681,UNITED STATES,'320223300000526901',Merchandise & Supplies-Clothing Stores
11/25/2022,GAMESTOP #7832 00000PEABODY             MA,62.67,"83200005973 8008838895
GAMESTOP #7832 000007832
PEABODY
MA
Description : VIDEO GAME Price : 0.6267
8008838895",GAMESTOP #7832 00000PEABODY             MA,"SPACE E121 RT 128
RT 210 ANDOVER ST","PEABODY
MA",01960,UNITED STATES,'320223300998672790',Merchandise & Supplies-General Retail
11/15/2022,MOBILE PAYMENT - THANK YOU,-214.67,MOBILE PAYMENT - THANK YOU,MOBILE PAYMENT - THANK YOU,,,,,'320223190736066177',
11/13/2022,FROM YOU FLOWERS    800-838-8853        CT,72.21,"86XDFVR4    FLOWERS
FROM YOU FLOWERS
800-838-8853
CT
FLOWERS",FROM YOU FLOWERS    800-838-8853        CT,143 ML ROCK RD EAST,"OLD SAYBROOK
CT",06475,UNITED STATES,'320223180720162643',Merchandise & Supplies-Internet Purchase
11/10/2022,CHICK-FIL-A #00772 0BURLINGTON          MA,21.38,"000107508   7812722110
CHICK-FIL-A #00772 000000000565143
BURLINGTON
MA
7812722110",CHICK-FIL-A #00772 0BURLINGTON          MA,75 MIDDLESEX TPKE STE 2110,"BURLINGTON
MA",01803,UNITED STATES,'320223150663163622',Restaurant-Bar & Café
11/10/2022,MICHAELS STORES     BURLINGTON          MA,121.08,"50660521687 ARTIST SUPPLY & CRAFT
MICHAELS STORES
BURLINGTON
MA
ARTIST SUPPLY & CRAFT",MICHAELS STORES     BURLINGTON          MA,34 CAMBRIDGE ST STE 19,"BURLINGTON
MA",01803,UNITED STATES,'320223150658578129',Merchandise & Supplies-Arts & Jewelry
10/22/2022,MOBILE PAYMENT - THANK YOU,-384.35,MOBILE PAYMENT - THANK YOU,MOBILE PAYMENT - THANK YOU,,,,,'320222950200510159',
10/21/2022,TST* SOGNO 300576325WOBURN              MA,384.35,"99999992294 7816251300
TST* SOGNO 300576325
WOBURN
MA
Description : RESTAURANTS Price : 3.8435
7816251300",TST* SOGNO 300576325WOBURN              MA,304 CAMBRIDGE RD,"WOBURN
MA",01801-6080,UNITED STATES,'320222940190898162',Restaurant-Restaurant
10/16/2022,MOBILE PAYMENT - THANK YOU,-722.86,MOBILE PAYMENT - THANK YOU,MOBILE PAYMENT - THANK YOU,,,,,'320222890065596468',
10/07/2022,TST* LA HACIENDA RESEAST BOSTON         MA,330.0,"99999992280 6175613737
TST* LA HACIENDA RESTAURA 300581684
EAST BOSTON
MA
Description : RESTAURANTS Price : 3.30
6175613737",TST* LA HACIENDA RESEAST BOSTON         MA,150 MERIDIAN ST TEST,"BOSTON
MA",02128-1944,UNITED STATES,'320222800870249269',Restaurant-Restaurant
10/07/2022,WHOLEFDS WOB 10233 0WOBURN              MA,94.49,"0E2LGQVELC4 7813769600
WHOLEFDS WOB 10233 000010233
WOBURN
MA
Description : GROCERY STORES Price : 0.9449
7813769600",WHOLEFDS WOB 10233 0WOBURN              MA,400 CAMBRIDGE RD,"WOBURN
MA",01801,UNITED STATES,'320222810895640803',Merchandise & Supplies-Groceries
09/26/2022,TST* LA HACIENDA RESEAST BOSTON         MA,127.33,"99999992269 6175613737
TST* LA HACIENDA RESTAURA 300581684
EAST BOSTON
MA
Description : RESTAURANTS Price : 1.2733
6175613737",TST* LA HACIENDA RESEAST BOSTON         MA,150 MERIDIAN ST TEST,"BOSTON
MA",02128-1944,UNITED STATES,'320222690626065965',Restaurant-Restaurant
09/22/2022,MOBILE PAYMENT - THANK YOU,-188.0,MOBILE PAYMENT - THANK YOU,MOBILE PAYMENT - THANK YOU,,,,,'320222650527187338',
09/22/2022,TST* FRANK BEVERLY 0BEVERLY             MA,171.04,"21105172266 RESTAURANT
TST* FRANK BEVERLY 00013289
BEVERLY
MA
RESTAURANT",TST* FRANK BEVERLY 0BEVERLY             MA,114 RANTOUL ST,"BEVERLY
MA",01915,UNITED STATES,'320222660562116628',Restaurant-Restaurant
09/08/2022,WHOLEFDS LNF #10452 LYNNFIELD           MA,84.99,"01P8Q5VA9SC 7817764300
WHOLEFDS LNF #10452 000010452
LYNNFIELD
MA
Description : GROCERY STORES Price : 0.8499
7817764300",WHOLEFDS LNF #10452 LYNNFIELD           MA,100 MARKET ST,"LYNNFIELD
MA",01940-4018,UNITED STATES,'320222520251616286',Merchandise & Supplies-Groceries
09/01/2022,NEWBURY COMICS      SAUGUS              MA,103.01,"024818      RECORD STORE
NEWBURY COMICS
SAUGUS
MA
Description : RECORDS/VIDEOTAPES/ Price : 0.00
RECORD STORE",NEWBURY COMICS      SAUGUS              MA,"180 MAIN ST
STE 6","SAUGUS
MA",01906-4502,UNITED STATES,'320222460136610226',Merchandise & Supplies-Music & Video
08/30/2022,MOBILE PAYMENT - THANK YOU,-470.2,MOBILE PAYMENT - THANK YOU,MOBILE PAYMENT - THANK YOU,,,,,'320222420023067254',
08/29/2022,RETURN PAYMENT FEE,29.0,RETURN PAYMENT FEE,RETURN PAYMENT FEE,,,,,'320222413004057910',Fees & Adjustments-Fees & Adjustments
08/28/2022,MEMBERSHIP FEE,250.0,MEMBERSHIP FEE,MEMBERSHIP FEE,,,,,'320222403981932539',Fees & Adjustments-Fees & Adjustments
08/25/2022,EXXONMOBIL 9745     BILLERICA           MA,47.81,"00906263    978-670-8800
EXXONMOBIL 9745
BILLERICA
MA
Description : 001 Price : 0.00
978-670-8800",EXXONMOBIL 9745     BILLERICA           MA,-,"(800) 243-9966
TX",77389,UNITED STATES,'320222380952590897',Transportation-Fuel
08/25/2022,MOBILE PAYMENT - THANK YOU,-143.39,MOBILE PAYMENT - THANK YOU,MOBILE PAYMENT - THANK YOU,,,,,'320222370914074897',
08/25/2022,RETURNED CHECK/DECLIANK TRANSACTIONS,143.39,"RETURNED CHECK/DECLINED BANK TRANSACTIONS
ANK TRANSACTIONS",RETURNED CHECK/DECLIANK TRANSACTIONS,,,,,'320222410019646928',Fees & Adjustments-Fees & Adjustments
08/18/2022,LEGO BRAND RETAIL INENFIELD             CT,74.36,"00071501142 HOBBY, TOY & GAME
LEGO BRAND RETAIL INC.
ENFIELD
CT
""HOBBY, TOY & GAME""",LEGO BRAND RETAIL INENFIELD             CT,75 MIDDLESEX TPKE 2064,"BURLINGTON
MA",01803-5310,UNITED STATES,'320222310802120650',Merchandise & Supplies-General Retail
08/18/2022,NEWBURY COMICS #4 00BURLINGTON          MA,29.73,"011401      RECORD STORE
NEWBURY COMICS #4 0000
BURLINGTON
MA
Description : RECORDS/VIDEOTAPES/ Price : 0.00
RECORD STORE",NEWBURY COMICS #4 00BURLINGTON          MA,"112 MALL RD
STE 6","BURLINGTON
MA",01803-5300,UNITED STATES,'320222320824655424',Merchandise & Supplies-Music & Video
08/11/2022,WHOLEFDS LNF #10452 LYNNFIELD           MA,39.3,"0OGQWBDNJCL 7817764300
WHOLEFDS LNF #10452 000010452
LYNNFIELD
MA
Description : GROCERY STORES Price : 0.393
7817764300",WHOLEFDS LNF #10452 LYNNFIELD           MA,100 MARKET ST,"LYNNFIELD
MA",01940-4018,UNITED STATES,'320222240641862110',Merchandise & Supplies-Groceries
